index,Order Number,Order Amount,Quantity,Item Cost,Profit,Order Status Numerical,Order_Count,Company_encoded,City (Billing)_encoded,Category Name_encoded,City (Shipping)_encoded
0,25175,4800,1,2400,2400,2,599,0,0,0,0
1,25175,4800,1,2400,2400,2,599,0,0,0,0
2,25166,69990,1,69990,0,2,599,0,0,0,0
3,25101,10895,1,10895,0,2,3,0,0,0,0
4,25055,16100,1,16100,0,1,599,0,0,0,0
5,25035,8528,1,8528,0,1,599,0,0,0,0
6,25032,103000,1,103000,0,0,3,0,0,0,0
7,25024,617,1,617,0,0,1,0,0,0,0
8,25021,7244,1,7244,0,2,599,0,0,0,0
9,25008,28758,1,9593,19165,2,599,0,0,0,0
10,25008,28758,1,9604,19154,2,599,0,0,0,0
11,25008,28758,1,9561,19197,2,599,0,0,0,0
12,25008,9593,1,9593,0,2,599,0,0,0,0
13,25008,38351,1,9593,28758,2,599,0,0,0,0
14,25008,38351,1,9593,28758,2,599,0,0,0,0
15,25008,38351,1,9604,28747,2,599,0,0,0,0
16,25008,38351,1,9561,28790,2,599,0,0,0,0
17,25007,6657,1,6657,0,2,21,0,0,0,0
18,24947,3295,1,3295,0,2,599,0,0,0,0
19,24940,28999,1,28999,0,1,599,0,0,0,0
20,24939,1174,2,587,587,2,4,0,0,0,0
21,24938,24999,1,24999,0,0,45,0,0,0,0
22,24932,66499,1,66499,0,2,53,0,0,0,0
23,24931,24999,1,24999,0,1,599,0,0,0,0
24,24930,24999,1,24999,0,2,2,0,0,0,0
25,24922,4222,1,4222,0,0,599,0,0,0,0
26,24905,4222,1,4222,0,0,599,0,0,0,0
27,24898,4894,2,2447,2447,0,2,0,0,0,0
28,24885,533,1,533,0,0,3,0,0,0,0
29,24873,4222,1,4222,0,0,599,0,0,0,0
30,24867,5814,2,2907,2907,0,2,0,0,0,0
31,24849,66499,1,66499,0,1,599,0,0,0,0
32,24848,54199,1,54199,0,0,599,0,0,0,0
33,24846,4222,1,4222,0,0,599,0,0,0,0
34,24610,2907,1,2907,0,0,6,0,0,0,0
35,24604,29995,1,29995,0,0,3,0,0,0,0
36,24602,8528,1,8528,0,0,599,0,0,0,0
37,24570,4698,1,4698,0,1,599,0,0,0,0
38,24479,29995,1,29995,0,1,1,0,0,0,0
39,23908,37000,1,37000,0,0,599,0,0,0,0
40,23907,65000,1,65000,0,0,53,0,0,0,0
41,23899,170000,1,170000,0,2,2,0,0,0,0
42,23898,480000,1,170000,310000,2,2,0,0,0,0
43,23898,480000,2,155000,325000,2,2,0,0,0,0
44,23869,48000,1,48000,0,0,45,0,0,0,0
45,23868,186000,1,186000,0,0,599,0,0,0,0
46,23867,12100,1,12100,0,0,7,0,0,0,0
47,23866,43700,1,43700,0,0,45,0,0,0,0
48,23865,48000,1,48000,0,0,1,0,0,0,0
49,23848,157000,1,157000,0,0,89,0,0,0,0
50,23810,47000,1,47000,0,0,11,0,0,0,0
51,23790,13000,1,13000,0,1,599,0,0,0,0
52,23784,24000,1,24000,0,0,599,0,0,0,0
53,23735,47000,1,47000,0,1,45,0,0,0,0
54,23703,19200,1,19200,0,1,89,0,0,0,0
55,23702,25999,1,25999,0,0,1,0,0,0,0
56,23701,13000,1,13000,0,0,599,0,0,0,0
57,23700,6200,1,6200,0,0,53,0,0,0,0
58,23699,47000,1,47000,0,1,599,0,0,0,0
59,23695,7000,1,7000,0,1,599,0,0,0,0
60,23694,47000,1,47000,0,1,89,0,0,0,0
61,23691,12400,2,6200,6200,2,4,0,0,0,0
62,23690,47000,1,47000,0,1,599,0,0,0,0
63,23689,8280,1,8280,0,0,599,0,0,0,0
64,23684,15600,1,15600,0,2,4,0,0,0,0
65,23683,158000,1,158000,0,2,599,0,0,0,0
66,23682,135000,1,135000,0,1,599,0,0,0,0
67,23681,261000,1,261000,0,2,599,0,0,0,0
68,23680,372000,2,186000,186000,2,599,0,0,0,0
69,23679,160000,1,160000,0,2,599,0,0,0,0
70,23678,135000,1,135000,0,1,599,0,0,0,0
71,23668,135000,1,135000,0,2,599,0,0,0,0
72,23663,18630,1,18630,0,2,599,0,0,0,0
73,23662,22999,1,22999,0,2,599,0,0,0,0
74,23661,47800,1,47800,0,2,599,0,0,0,0
75,23660,7240,1,7240,0,2,599,0,0,0,0
76,23657,160000,1,160000,0,2,599,0,0,0,0
77,23641,6200,1,6200,0,0,599,0,0,0,0
78,23640,2849,1,2849,0,0,5,0,0,0,0
79,23637,6200,1,6200,0,0,1,0,0,0,0
80,23636,19200,1,19200,0,1,1,0,0,0,0
81,23628,2200,1,2200,0,1,599,0,0,0,0
82,23622,17000,1,17000,0,1,89,0,0,0,0
83,23621,2849,1,2849,0,0,4,0,0,0,0
84,23606,22000,1,22000,0,2,6,0,0,0,0
85,23603,30500,1,30500,0,2,599,0,0,0,0
86,23602,1349,1,1349,0,0,599,0,0,0,0
87,23600,38000,1,38000,0,2,6,0,0,0,0
88,23599,15500,1,15500,0,1,599,0,0,0,0
89,23598,186000,1,186000,0,0,599,0,0,0,0
90,23596,157000,1,157000,0,2,1,0,0,0,0
91,23595,160000,1,160000,0,0,599,0,0,0,0
92,23594,186000,1,186000,0,2,599,0,0,0,0
93,23593,42500,1,42500,0,2,599,0,0,0,0
94,23592,53353,1,53353,0,0,1,0,0,0,0
95,23591,3000,1,3000,0,0,1,0,0,0,0
96,23590,6200,1,6200,0,0,1,0,0,0,0
97,23588,17000,1,17000,0,1,599,0,0,0,0
98,23587,24000,1,24000,0,0,1,0,0,0,0
99,23586,27400,1,27400,0,0,599,0,0,0,0
100,23585,27400,1,27400,0,0,599,0,0,0,0
101,23584,145000,1,145000,0,0,599,0,0,0,0
102,23580,33600,1,33600,0,0,1,0,0,0,0
103,23578,157000,1,157000,0,2,599,0,0,0,0
104,23577,65000,1,65000,0,1,599,0,0,0,0
105,23574,17000,1,17000,0,0,599,0,0,0,0
106,23573,160000,1,160000,0,2,599,0,0,0,0
107,23572,17000,1,17000,0,2,1,0,0,0,0
108,23567,17000,1,17000,0,1,599,0,0,0,0
109,23566,186000,1,186000,0,2,1,0,0,0,0
110,23557,7000,1,7000,0,1,89,0,0,0,0
111,23552,7240,1,7240,0,1,89,0,0,0,0
112,23551,2849,1,2849,0,0,3,0,0,0,0
113,23549,43868,1,43868,0,2,599,0,0,0,0
114,23546,163000,1,163000,0,1,599,0,0,0,0
115,23545,170000,1,170000,0,2,45,0,0,0,0
116,23544,31000,2,15500,15500,1,1,0,0,0,0
117,23542,25000,1,25000,0,0,7,0,0,0,0
118,23541,25000,1,25000,0,0,4,0,0,0,0
119,23540,27400,1,27400,0,0,599,0,0,0,0
120,23538,53353,1,53353,0,0,6,0,0,0,0
121,23537,170000,1,170000,0,2,89,0,0,0,0
122,23536,100000,1,100000,0,2,599,0,0,0,0
123,23535,37000,1,37000,0,0,599,0,0,0,0
124,23533,42000,1,42000,0,2,1,0,0,0,0
125,23532,33600,1,33600,0,0,1,0,0,0,0
126,23531,145000,1,145000,0,0,45,0,0,0,0
127,23528,186000,1,186000,0,2,5,0,0,0,0
128,23528,558000,3,186000,372000,2,5,0,0,0,0
129,23528,744000,3,186000,558000,2,5,0,0,0,0
130,23528,744000,1,186000,558000,2,5,0,0,0,0
131,23527,27400,1,27400,0,0,599,0,0,0,0
132,23510,17000,1,17000,0,1,89,0,0,0,0
133,23499,22000,1,22000,0,2,3,0,0,0,0
134,23495,372000,2,186000,186000,2,5,0,0,0,0
135,23493,1220,1,1220,0,0,599,0,0,0,0
136,23491,8600,2,4300,4300,0,2,0,0,0,0
137,23489,145000,1,145000,0,0,2,0,0,0,0
138,23486,20000,1,20000,0,1,599,0,0,0,0
139,23485,17000,1,17000,0,1,18,0,0,0,0
140,23483,17000,1,17000,0,1,2,0,0,0,0
141,23477,24000,1,24000,0,0,18,0,0,0,0
142,23474,5700,1,5700,0,0,4,0,0,0,0
143,23473,93000,1,93000,0,0,14,0,0,0,0
144,23472,20000,1,20000,0,0,599,0,0,0,0
145,23468,157000,1,157000,0,0,2,0,0,0,0
146,23467,31200,1,18200,13000,0,4,0,0,0,0
147,23467,31200,1,13000,18200,0,4,0,0,0,0
148,23466,20000,1,20000,0,1,89,0,0,0,0
149,23463,2849,1,2849,0,0,599,0,0,0,0
150,23461,13000,1,13000,0,1,599,0,0,0,0
151,23460,499,1,499,0,0,2,0,0,0,0
152,23459,22000,1,22000,0,0,599,0,0,0,0
153,23458,186000,1,186000,0,0,45,0,0,0,0
154,23449,23500,1,23500,0,1,89,0,0,0,0
155,23447,20000,1,20000,0,0,89,0,0,0,0
156,23440,22000,1,22000,0,0,2,0,0,0,0
157,23433,145000,1,145000,0,1,53,0,0,0,0
158,23426,20000,1,20000,0,1,4,0,0,0,0
159,23425,28999,1,28999,0,1,599,0,0,0,0
160,23422,21200,1,21200,0,1,599,0,0,0,0
161,23421,22000,1,22000,0,0,599,0,0,0,0
162,23416,13000,1,13000,0,1,89,0,0,0,0
163,23415,22000,1,22000,0,0,21,0,0,0,0
164,23397,22000,1,22000,0,0,2,0,0,0,0
165,23386,121000,1,121000,0,0,599,0,0,0,0
166,23385,145000,1,145000,0,0,599,0,0,0,0
167,23384,163000,1,163000,0,2,599,0,0,0,0
168,23014,22000,1,22000,0,0,599,0,0,0,0
169,22394,53000,1,53000,0,0,599,0,0,0,0
170,22393,320000,2,160000,160000,2,599,0,0,0,0
171,22391,53000,1,53000,0,0,599,0,0,0,0
172,22390,53000,1,53000,0,2,2,0,0,0,0
173,22389,53000,1,53000,0,0,599,0,0,0,0
174,22388,23500,1,23500,0,0,599,0,0,0,0
175,22387,160000,1,160000,0,2,599,0,0,0,0
176,22386,22000,1,22000,0,0,599,0,0,0,0
177,22379,30500,1,30500,0,0,53,0,0,0,0
178,22369,15600,1,15600,0,0,599,0,0,0,0
179,22368,94000,4,23500,70500,0,2,0,0,0,0
180,22367,22000,1,22000,0,1,89,0,0,0,0
181,22352,342000,2,171000,171000,0,2,0,0,0,0
182,22338,24000,1,24000,0,0,599,0,0,0,0
183,22337,2000,1,2000,0,0,2,0,0,0,0
184,22336,26500,1,26500,0,2,599,0,0,0,0
185,22332,13000,1,13000,0,2,599,0,0,0,0
186,22328,63800,1,63800,0,1,599,0,0,0,0
187,22325,13000,1,13000,0,0,2,0,0,0,0
188,22319,13000,1,13000,0,2,599,0,0,0,0
189,22318,15600,1,15600,0,0,3,0,0,0,0
190,22317,25335,1,25335,0,1,599,0,0,0,0
191,22307,7000,1,7000,0,0,3,0,0,0,0
192,22306,12900,1,12900,0,0,599,0,0,0,0
193,22305,37000,1,37000,0,2,599,0,0,0,0
194,22304,27400,1,27400,0,2,89,0,0,0,0
195,22301,15500,1,15500,0,0,599,0,0,0,0
196,22300,30500,1,30500,0,1,599,0,0,0,0
197,22295,37000,1,37000,0,1,599,0,0,0,0
198,22280,27400,1,27400,0,0,599,0,0,0,0
199,22279,163000,1,163000,0,2,89,0,0,0,0
200,22241,12900,1,12900,0,0,10,0,0,0,0
201,22240,171000,1,171000,0,2,599,0,0,0,0
202,22239,171000,1,171000,0,0,2,0,0,0,0
203,22238,12900,1,12900,0,0,2,0,0,0,0
204,22237,37000,1,37000,0,0,599,0,0,0,0
205,22235,37000,1,37000,0,0,599,0,0,0,0
206,22234,47000,1,47000,0,1,599,0,0,0,0
207,22233,47000,1,47000,0,0,599,0,0,0,0
208,22232,12900,1,12900,0,0,45,0,0,0,0
209,22203,133000,1,133000,0,0,7,0,0,0,0
210,22202,163000,1,163000,0,0,7,0,0,0,0
211,22201,21200,1,21200,0,0,4,0,0,0,0
212,22199,33600,1,33600,0,0,10,0,0,0,0
213,22197,27400,1,27400,0,0,8,0,0,0,0
214,22194,1349,1,1349,0,1,599,0,0,0,0
215,22192,33800,1,33800,0,1,599,0,0,0,0
216,22191,21970,1,21970,0,0,599,0,0,0,0
217,22189,15500,1,15500,0,0,3,0,0,0,0
218,22141,90520,1,90520,0,0,599,0,0,0,0
219,22140,12900,1,12900,0,0,599,0,0,0,0
220,22137,27400,1,27400,0,1,89,0,0,0,0
221,22103,47000,1,47000,0,0,599,0,0,0,0
222,22102,22500,1,22500,0,1,89,0,0,0,0
223,22099,18200,1,18200,0,0,599,0,0,0,0
224,22098,15500,1,15500,0,0,599,0,0,0,0
225,22097,15900,1,15900,0,0,2,0,0,0,0
226,22096,110360,1,110360,0,0,2,0,0,0,0
227,22095,499,1,499,0,0,6,0,0,0,0
228,22094,22500,1,22500,0,1,89,0,0,0,0
229,22093,22500,1,22500,0,1,89,0,0,0,0
230,22065,15999,1,15999,0,0,2,0,0,0,0
231,22019,15900,1,15900,0,0,21,0,0,0,0
232,22007,499,1,499,0,0,6,0,0,0,0
233,22006,7240,1,7240,0,1,599,0,0,0,0
234,21997,33800,1,33800,0,0,2,0,0,0,0
235,21996,158000,1,158000,0,0,599,0,0,0,0
236,21995,12900,1,12900,0,1,53,0,0,0,0
237,21994,163000,1,163000,0,1,89,0,0,0,0
238,21978,15900,1,15900,0,0,2,0,0,0,0
239,21977,22500,1,22500,0,1,599,0,0,0,0
240,21972,22500,1,22500,0,0,10,0,0,0,0
241,21971,20500,1,20500,0,0,2,0,0,0,0
242,21970,62000,1,62000,0,0,4,0,0,0,0
243,21900,409200,1,409200,0,1,12,0,0,0,0
244,21899,7000,1,7000,0,0,45,0,0,0,0
245,21898,27400,1,27400,0,0,599,0,0,0,0
246,21897,15500,1,15500,0,1,2,0,0,0,0
247,21896,25000,1,25000,0,0,599,0,0,0,0
248,21895,37000,1,37000,0,1,599,0,0,0,0
249,20620,37000,1,37000,0,1,599,0,0,0,0
250,21894,22500,1,22500,0,1,5,0,0,0,0
251,20621,22500,1,22500,0,1,5,0,0,0,0
252,20622,15900,1,15900,0,0,599,0,0,0,0
253,20623,12900,1,12900,0,0,2,0,0,0,0
254,20624,1349,1,1349,0,1,599,0,0,0,0
255,20625,30500,1,30500,0,1,599,0,0,0,0
256,20626,15900,1,15900,0,0,2,0,0,0,0
257,20627,12900,1,12900,0,0,4,0,0,0,0
258,20628,12900,1,12900,0,0,2,0,0,0,0
259,21893,15900,1,15900,0,0,599,0,0,0,0
260,21892,12900,1,12900,0,0,2,0,0,0,0
261,21891,1349,1,1349,0,1,599,0,0,0,0
262,21890,30500,1,30500,0,1,599,0,0,0,0
263,21864,15900,1,15900,0,0,2,0,0,0,0
264,21857,12900,1,12900,0,0,4,0,0,0,0
265,21852,12900,1,12900,0,0,2,0,0,0,0
266,21841,4300,1,4300,0,0,89,0,0,0,0
267,21840,12800,1,12800,0,1,89,0,0,0,0
268,21839,5700,1,5700,0,1,7,0,0,0,0
269,21838,5700,1,5700,0,0,599,0,0,0,0
270,21837,5700,1,5700,0,0,599,0,0,0,0
271,21836,5700,1,5700,0,0,599,0,0,0,0
272,21833,5700,1,5700,0,1,2,0,0,0,0
273,21832,5700,1,5700,0,1,599,0,0,0,0
274,21807,1220,1,1220,0,0,2,0,0,0,0
275,21806,186000,1,186000,0,0,599,0,0,0,0
276,21788,21499,1,21499,0,0,2,0,0,0,0
277,21785,21499,1,21499,0,1,2,0,0,0,0
278,21784,110000,2,55000,55000,0,2,0,0,0,0
279,21742,62000,4,15500,46500,0,599,0,0,0,0
280,21783,999,1,999,0,0,6,0,0,0,0
281,21782,21499,1,21499,0,0,3,0,0,0,0
282,21781,186000,1,186000,0,0,45,0,0,0,0
283,21780,28000,1,28000,0,1,599,0,0,0,0
284,21775,15500,1,15500,0,0,4,0,0,0,0
285,21774,20000,1,20000,0,0,21,0,0,0,0
286,21715,1723992,8,215499,1508493,0,3,0,0,0,0
287,21773,28999,1,28999,0,0,599,0,0,0,0
288,21772,21499,1,21499,0,0,6,0,0,0,0
289,21771,1349,1,1349,0,1,599,0,0,0,0
290,21741,155000,1,155000,0,0,45,0,0,0,0
291,21740,186000,1,186000,0,0,2,0,0,0,0
292,21739,21499,1,21499,0,1,89,0,0,0,0
293,21718,23500,1,23500,0,0,599,0,0,0,0
294,21717,21499,1,21499,0,1,89,0,0,0,0
295,21716,215499,1,215499,0,0,89,0,0,0,0
296,21713,15500,1,15500,0,1,599,0,0,0,0
297,21712,21499,1,21499,0,0,3,0,0,0,0
298,21711,21499,1,21499,0,0,45,0,0,0,0
299,21709,21499,1,21499,0,0,11,0,0,0,0
300,21707,372000,2,186000,186000,0,2,0,0,0,0
301,21682,21499,1,21499,0,0,2,0,0,0,0
302,21681,29500,1,29500,0,1,10,0,0,0,0
303,21680,21499,1,21499,0,1,3,0,0,0,0
304,21679,156000,1,156000,0,0,599,0,0,0,0
305,21678,21499,1,21499,0,0,10,0,0,0,0
306,21677,170000,1,170000,0,1,599,0,0,0,0
307,21675,21499,1,21499,0,1,89,0,0,0,0
308,21673,157000,1,157000,0,1,599,0,0,0,0
309,21670,340000,2,170000,170000,0,599,0,0,0,0
310,21668,21499,1,21499,0,1,599,0,0,0,0
311,21666,15500,1,15500,0,0,2,0,0,0,0
312,21661,170000,1,170000,0,2,599,0,0,0,0
313,21660,21499,1,21499,0,1,2,0,0,0,0
314,21658,21499,1,21499,0,1,2,0,0,0,0
315,21657,21499,1,21499,0,0,599,0,0,0,0
316,21656,21499,1,21499,0,0,53,0,0,0,0
317,21647,51000,1,51000,0,0,2,0,0,0,0
318,21646,5700,1,5700,0,0,599,0,0,0,0
319,21645,21499,1,21499,0,1,3,0,0,0,0
320,21633,80000,4,20000,60000,2,599,0,0,0,0
321,21644,21499,1,21499,0,1,53,0,0,0,0
322,21643,51000,1,51000,0,0,4,0,0,0,0
323,21642,21499,1,21499,0,1,599,0,0,0,0
324,21641,5700,1,5700,0,0,2,0,0,0,0
325,21640,51999,1,51999,0,2,2,0,0,0,0
326,21639,7000,1,7000,0,2,4,0,0,0,0
327,21636,21499,1,21499,0,1,599,0,0,0,0
328,21635,133000,1,133000,0,2,599,0,0,0,0
329,21634,29500,1,29500,0,0,4,0,0,0,0
330,21632,164000,1,133000,31000,2,599,0,0,0,0
331,21632,164000,2,15500,148500,2,599,0,0,0,0
332,21631,21499,1,21499,0,2,3,0,0,0,0
333,21630,21499,1,21499,0,0,2,0,0,0,0
334,21629,184000,1,133000,51000,2,599,0,0,0,0
335,21629,184000,1,51000,133000,2,599,0,0,0,0
336,21628,172000,1,172000,0,2,2,0,0,0,0
337,21627,21499,1,21499,0,1,599,0,0,0,0
338,21626,21499,1,21499,0,2,599,0,0,0,0
339,21625,21499,1,21499,0,1,599,0,0,0,0
340,21624,21499,1,21499,0,2,599,0,0,0,0
341,21623,5700,1,5700,0,1,45,0,0,0,0
342,21622,172000,1,172000,0,1,599,0,0,0,0
343,21621,5700,1,5700,0,0,11,0,0,0,0
344,21620,173500,1,158000,15500,2,24,0,0,0,0
345,21620,173500,1,15500,158000,2,24,0,0,0,0
346,21619,173500,1,158000,15500,0,24,0,0,0,0
347,21619,173500,1,15500,158000,0,24,0,0,0,0
348,21618,23500,1,23500,0,1,6,0,0,0,0
349,21617,21499,1,21499,0,1,599,0,0,0,0
350,21614,5700,1,5700,0,1,4,0,0,0,0
351,21613,5700,1,5700,0,0,599,0,0,0,0
352,21612,5700,1,5700,0,0,4,0,0,0,0
353,21611,21499,1,21499,0,2,599,0,0,0,0
354,21609,21499,1,21499,0,0,599,0,0,0,0
355,21605,1599,1,1599,0,0,45,0,0,0,0
356,21604,1799,1,1799,0,0,2,0,0,0,0
357,21603,21499,1,21499,0,0,3,0,0,0,0
358,21602,21499,1,21499,0,1,599,0,0,0,0
359,21601,21499,1,21499,0,0,599,0,0,0,0
360,21600,21499,1,21499,0,0,599,0,0,0,0
361,21599,15500,1,15500,0,1,599,0,0,0,0
362,21598,21499,1,21499,0,1,599,0,0,0,0
363,21595,21499,1,21499,0,0,599,0,0,0,0
364,21594,225000,1,225000,0,2,599,0,0,0,0
365,21593,21499,1,21499,0,0,599,0,0,0,0
366,21592,15500,1,15500,0,1,53,0,0,0,0
367,21591,1220,1,1220,0,0,9,0,0,0,0
368,21589,5700,1,5700,0,1,599,0,0,0,0
369,21588,225000,1,225000,0,1,4,0,0,0,0
370,21586,21499,1,21499,0,1,3,0,0,0,0
371,21577,21499,1,21499,0,1,2,0,0,0,0
372,21576,21499,1,21499,0,0,53,0,0,0,0
373,21575,21499,1,21499,0,1,89,0,0,0,0
374,21567,158000,1,158000,0,2,24,0,0,0,0
375,21566,42998,2,21499,21499,1,24,0,0,0,0
376,21560,225000,1,225000,0,0,599,0,0,0,0
377,21559,21499,1,21499,0,1,12,0,0,0,0
378,21547,25000,1,25000,0,0,599,0,0,0,0
379,21541,999,1,999,0,0,5,0,0,0,0
380,21540,21499,1,21499,0,0,10,0,0,0,0
381,21538,30500,1,30500,0,0,599,0,0,0,0
382,21537,157000,1,157000,0,1,599,0,0,0,0
383,21525,28000,1,28000,0,0,53,0,0,0,0
384,21523,21499,1,21499,0,1,53,0,0,0,0
385,21522,21499,1,21499,0,1,599,0,0,0,0
386,21512,25999,1,25999,0,0,2,0,0,0,0
387,21511,225000,1,225000,0,1,3,0,0,0,0
388,21510,157000,1,157000,0,1,599,0,0,0,0
389,21509,51000,1,51000,0,0,599,0,0,0,0
390,21507,21499,1,21499,0,0,599,0,0,0,0
391,21506,157000,1,157000,0,0,599,0,0,0,0
392,21505,1349,1,1349,0,1,2,0,0,0,0
393,21502,25000,1,25000,0,0,3,0,0,0,0
394,21501,51000,1,51000,0,0,599,0,0,0,0
395,21500,21499,1,21499,0,0,599,0,0,0,0
396,21499,43000,1,43000,0,0,12,0,0,0,0
397,21498,5700,1,5700,0,1,53,0,0,0,0
398,21489,51000,1,51000,0,1,14,0,0,0,0
399,21488,225000,1,225000,0,2,45,0,0,0,0
400,21485,15500,1,15500,0,1,599,0,0,0,0
401,21462,104000,1,104000,0,1,21,0,0,0,0
402,21461,5700,1,5700,0,1,2,0,0,0,0
403,21460,25500,1,25500,0,1,89,0,0,0,0
404,21459,19000,1,19000,0,1,3,0,0,0,0
405,21458,21499,1,21499,0,0,6,0,0,0,0
406,21457,49500,1,49500,0,1,4,0,0,0,0
407,21456,5700,1,5700,0,0,24,0,0,0,0
408,21455,19000,1,19000,0,0,53,0,0,0,0
409,21454,21499,1,21499,0,1,4,0,0,0,0
410,21448,170000,1,170000,0,0,2,0,0,0,0
411,21447,21499,1,21499,0,0,599,0,0,0,0
412,21445,21499,1,21499,0,1,9,0,0,0,0
413,21444,26999,1,26999,0,0,21,0,0,0,0
414,21443,21499,1,21499,0,1,599,0,0,0,0
415,21434,37000,1,37000,0,0,599,0,0,0,0
416,21430,17500,1,17500,0,0,599,0,0,0,0
417,21428,29500,1,29500,0,0,2,0,0,0,0
418,21427,30500,1,30500,0,1,599,0,0,0,0
419,21426,21499,1,21499,0,1,599,0,0,0,0
420,21425,21499,1,21499,0,1,2,0,0,0,0
421,21418,21499,1,21499,0,1,599,0,0,0,0
422,21413,21499,1,21499,0,1,599,0,0,0,0
423,21412,32500,1,32500,0,0,9,0,0,0,0
424,21406,170000,1,170000,0,2,599,0,0,0,0
425,21405,170000,1,170000,0,2,599,0,0,0,0
426,21404,133000,1,133000,0,0,45,0,0,0,0
427,21396,21499,1,21499,0,0,599,0,0,0,0
428,21389,27500,1,27500,0,0,18,0,0,0,0
429,21388,27500,1,27500,0,0,599,0,0,0,0
430,21387,26999,1,26999,0,0,21,0,0,0,0
431,21386,21499,1,21499,0,0,9,0,0,0,0
432,21382,344000,2,172000,172000,0,599,0,0,0,0
433,21380,5700,1,5700,0,0,4,0,0,0,0
434,21379,372000,2,186000,186000,0,599,0,0,0,0
435,21377,5700,1,5700,0,1,599,0,0,0,0
436,21376,21499,1,21499,0,1,3,0,0,0,0
437,21375,67000,1,23500,43500,0,599,0,0,0,0
438,21375,67000,1,43500,23500,0,599,0,0,0,0
439,21374,5700,1,5700,0,0,4,0,0,0,0
440,21373,5700,1,5700,0,1,4,0,0,0,0
441,21372,21499,1,21499,0,1,12,0,0,0,0
442,21371,22000,1,22000,0,0,12,0,0,0,0
443,21370,111000,1,111000,0,2,2,0,0,0,0
444,21369,28000,1,28000,0,1,599,0,0,0,0
445,21367,120000,1,120000,0,0,3,0,0,0,0
446,21366,26000,1,26000,0,0,2,0,0,0,0
447,21365,2849,1,2849,0,0,2,0,0,0,0
448,21364,26000,1,26000,0,0,599,0,0,0,0
449,21356,21499,1,21499,0,1,2,0,0,0,0
450,21355,20500,1,20500,0,1,89,0,0,0,0
451,21354,6300,1,6300,0,1,599,0,0,0,0
452,21352,1699,1,1699,0,1,599,0,0,0,0
453,21351,32500,1,32500,0,1,599,0,0,0,0
454,21346,21499,1,21499,0,0,24,0,0,0,0
455,21344,123000,1,123000,0,0,599,0,0,0,0
456,21343,21499,1,21499,0,0,2,0,0,0,0
457,21342,21499,1,21499,0,1,6,0,0,0,0
458,21341,21499,1,21499,0,0,6,0,0,0,0
459,21340,21499,1,21499,0,0,6,0,0,0,0
460,21339,21499,1,21499,0,0,6,0,0,0,0
461,21338,21499,1,21499,0,0,2,0,0,0,0
462,21337,5700,1,5700,0,0,1,0,0,0,0
463,21336,22500,1,22500,0,1,9,0,0,0,0
464,21332,123000,1,123000,0,2,599,0,0,0,0
465,21331,21499,1,21499,0,1,599,0,0,0,0
466,21330,37000,1,37000,0,1,599,0,0,0,0
467,21326,64999,1,64999,0,0,1,0,0,0,0
468,21325,23999,1,23999,0,0,1,0,0,0,0
469,21324,123000,1,123000,0,0,2,0,0,0,0
470,21323,21499,1,21499,0,1,599,0,0,0,0
471,21322,21499,1,21499,0,1,599,0,0,0,0
472,21321,5700,1,5700,0,1,599,0,0,0,0
473,21319,21499,1,21499,0,1,599,0,0,0,0
474,21318,21499,1,21499,0,1,599,0,0,0,0
475,21295,9800,1,9800,0,1,599,0,0,0,0
476,21294,21499,1,21499,0,1,7,0,0,0,0
477,21293,120000,1,120000,0,1,4,0,0,0,0
478,21291,5698,2,2849,2849,2,599,0,0,0,0
479,21290,123000,1,123000,0,0,599,0,0,0,0
480,21289,120000,1,120000,0,0,599,0,0,0,0
481,21272,1260000,3,225000,1035000,2,599,0,0,0,0
482,21272,1260000,3,195000,1065000,2,599,0,0,0,0
483,21284,499,1,499,0,1,599,0,0,0,0
484,21283,133000,1,133000,0,0,599,0,0,0,0
485,21281,23999,1,23999,0,0,1,0,0,0,0
486,21280,195000,1,195000,0,2,6,0,0,0,0
487,21279,195000,1,195000,0,2,6,0,0,0,0
488,21260,585000,3,195000,390000,2,599,0,0,0,0
489,21259,534000,3,178000,356000,2,599,0,0,0,0
490,21278,17500,1,17500,0,1,599,0,0,0,0
491,21277,5700,1,5700,0,1,53,0,0,0,0
492,21276,32500,1,32500,0,0,1,0,0,0,0
493,21274,120000,1,120000,0,1,599,0,0,0,0
494,21271,21499,1,21499,0,1,599,0,0,0,0
495,21270,25000,1,25000,0,0,21,0,0,0,0
496,21269,23500,1,23500,0,0,53,0,0,0,0
497,21268,5700,1,5700,0,1,1,0,0,0,0
498,21266,20000,1,20000,0,1,599,0,0,0,0
499,21258,21499,1,21499,0,0,1,0,0,0,0
500,21257,25000,1,25000,0,0,1,0,0,0,0
501,21256,158000,1,158000,0,2,599,0,0,0,0
502,21237,534000,3,178000,356000,2,599,0,0,0,0
503,21255,111000,1,111000,0,1,599,0,0,0,0
504,21254,21499,1,21499,0,1,599,0,0,0,0
505,21253,158000,1,158000,0,0,1,0,0,0,0
506,21252,72000,1,72000,0,0,599,0,0,0,0
507,21251,25000,1,25000,0,0,1,0,0,0,0
508,21250,21499,1,21499,0,1,599,0,0,0,0
509,21241,25000,1,25000,0,2,599,0,0,0,0
510,21239,6200,1,6200,0,1,599,0,0,0,0
511,21238,17500,1,17500,0,0,6,0,0,0,0
512,21236,5700,1,5700,0,1,21,0,0,0,0
513,21234,21499,1,21499,0,1,599,0,0,0,0
514,21233,21499,1,21499,0,1,18,0,0,0,0
515,21231,25000,1,25000,0,0,9,0,0,0,0
516,21230,17500,1,17500,0,1,599,0,0,0,0
517,21229,28000,1,28000,0,1,599,0,0,0,0
518,21228,4999,1,4999,0,0,3,0,0,0,0
519,21227,21499,1,21499,0,1,599,0,0,0,0
520,21226,25000,1,25000,0,2,599,0,0,0,0
521,21225,53000,1,53000,0,1,599,0,0,0,0
522,21224,5700,1,5700,0,1,599,0,0,0,0
523,21223,21499,1,21499,0,0,24,0,0,0,0
524,21222,23500,1,23500,0,0,1,0,0,0,0
525,21221,158000,1,158000,0,2,1,0,0,0,0
526,21220,21499,1,21499,0,1,599,0,0,0,0
527,21219,25000,1,25000,0,0,53,0,0,0,0
528,21218,15500,1,15500,0,1,599,0,0,0,0
529,21217,21499,1,21499,0,1,599,0,0,0,0
530,21216,37000,1,37000,0,1,599,0,0,0,0
531,21215,21499,1,21499,0,1,1,0,0,0,0
532,21213,25000,1,25000,0,0,1,0,0,0,0
533,21212,21499,1,21499,0,0,599,0,0,0,0
534,21211,17500,1,17500,0,0,599,0,0,0,0
535,21210,21499,1,21499,0,1,599,0,0,0,0
536,21209,25000,1,25000,0,2,89,0,0,0,0
537,21208,21499,1,21499,0,0,11,0,0,0,0
538,21207,178000,1,178000,0,0,599,0,0,0,0
539,21206,178000,1,178000,0,0,599,0,0,0,0
540,21205,5700,1,5700,0,1,599,0,0,0,0
541,21204,74000,1,74000,0,2,89,0,0,0,0
542,21203,22500,1,22500,0,0,1,0,0,0,0
543,21202,15500,1,15500,0,0,1,0,0,0,0
544,21201,21000,1,21000,0,1,53,0,0,0,0
545,21200,120000,1,120000,0,0,599,0,0,0,0
546,21198,21499,1,21499,0,1,6,0,0,0,0
547,21197,5700,1,5700,0,0,1,0,0,0,0
548,21196,25000,1,25000,0,0,1,0,0,0,0
549,21195,43500,1,43500,0,0,6,0,0,0,0
550,21174,21499,1,21499,0,1,11,0,0,0,0
551,21168,25000,1,25000,0,1,599,0,0,0,0
552,21167,15500,1,15500,0,0,21,0,0,0,0
553,21166,15500,1,15500,0,1,1,0,0,0,0
554,21165,25000,1,25000,0,1,599,0,0,0,0
555,21164,5700,1,5700,0,1,599,0,0,0,0
556,21163,123000,1,123000,0,2,599,0,0,0,0
557,21162,141499,1,21499,120000,2,6,0,0,0,0
558,21162,141499,1,120000,21499,2,6,0,0,0,0
559,21161,44999,1,19999,25000,0,53,0,0,0,0
560,21161,44999,1,25000,19999,0,53,0,0,0,0
561,21160,6200,1,6200,0,0,10,0,0,0,0
562,21159,25000,1,25000,0,0,24,0,0,0,0
563,21158,6200,1,6200,0,1,599,0,0,0,0
564,21156,141499,1,21499,120000,2,6,0,0,0,0
565,21156,141499,1,120000,21499,2,6,0,0,0,0
566,21155,499,1,499,0,0,1,0,0,0,0
567,21154,25000,1,25000,0,2,2,0,0,0,0
568,21153,72000,1,72000,0,2,2,0,0,0,0
569,21152,25000,1,25000,0,1,53,0,0,0,0
570,21151,15500,1,15500,0,0,2,0,0,0,0
571,21150,6200,1,6200,0,0,3,0,0,0,0
572,21149,21499,1,21499,0,0,599,0,0,0,0
573,21148,21499,1,21499,0,0,2,0,0,0,0
574,21147,17500,1,17500,0,0,89,0,0,0,0
575,21146,25000,1,25000,0,0,599,0,0,0,0
576,21145,25000,1,25000,0,0,89,0,0,0,0
577,21144,26000,1,26000,0,0,2,0,0,0,0
578,21143,6200,1,6200,0,0,6,0,0,0,0
579,21142,21499,1,21499,0,1,11,0,0,0,0
580,21141,19999,1,19999,0,0,599,0,0,0,0
581,21140,21499,1,21499,0,1,89,0,0,0,0
582,21139,19999,1,19999,0,0,89,0,0,0,0
583,21138,25000,1,25000,0,0,89,0,0,0,0
584,21137,25000,1,25000,0,1,53,0,0,0,0
585,21136,21499,1,21499,0,0,4,0,0,0,0
586,21134,25000,1,25000,0,1,89,0,0,0,0
587,21133,195000,1,195000,0,0,89,0,0,0,0
588,21132,21499,1,21499,0,2,599,0,0,0,0
589,21131,5700,1,5700,0,0,599,0,0,0,0
590,21128,141499,1,21499,120000,2,6,0,0,0,0
591,21128,141499,1,120000,21499,2,6,0,0,0,0
592,21127,6200,1,6200,0,0,599,0,0,0,0
593,21124,32500,1,32500,0,0,2,0,0,0,0
594,21123,25000,1,25000,0,0,53,0,0,0,0
595,21122,25000,1,25000,0,1,1,0,0,0,0
596,21119,499,1,499,0,0,9,0,0,0,0
597,21118,158000,1,158000,0,2,24,0,0,0,0
598,21117,195000,1,195000,0,2,45,0,0,0,0
599,21116,93000,1,93000,0,0,599,0,0,0,0
600,21115,25000,1,25000,0,0,53,0,0,0,0
601,21114,2849,1,2849,0,0,7,0,0,0,0
602,21113,72000,1,72000,0,2,1,0,0,0,0
603,21112,195000,1,195000,0,2,599,0,0,0,0
604,21111,17500,1,17500,0,0,599,0,0,0,0
605,21110,25000,1,25000,0,1,3,0,0,0,0
606,21109,21499,1,21499,0,0,11,0,0,0,0
607,21107,21499,1,21499,0,0,12,0,0,0,0
608,21106,42000,1,42000,0,2,89,0,0,0,0
609,21105,25000,1,25000,0,0,1,0,0,0,0
610,21104,42000,1,42000,0,2,89,0,0,0,0
611,21103,133000,1,133000,0,0,599,0,0,0,0
612,21102,25000,1,25000,0,0,599,0,0,0,0
613,21101,25000,1,25000,0,2,1,0,0,0,0
614,21100,25000,1,25000,0,0,599,0,0,0,0
615,21099,15500,1,15500,0,0,599,0,0,0,0
616,21098,15500,1,15500,0,0,599,0,0,0,0
617,21097,25000,1,25000,0,0,4,0,0,0,0
618,21096,25000,1,25000,0,1,599,0,0,0,0
619,21095,25000,1,25000,0,0,599,0,0,0,0
620,21094,110000,1,110000,0,1,53,0,0,0,0
621,21087,155000,1,155000,0,1,599,0,0,0,0
622,21085,152000,1,152000,0,0,599,0,0,0,0
623,21084,93000,1,93000,0,1,599,0,0,0,0
624,21083,21499,1,21499,0,1,24,0,0,0,0
625,21082,25000,1,25000,0,0,599,0,0,0,0
626,21081,110000,1,110000,0,2,5,0,0,0,0
627,21080,6200,1,6200,0,0,3,0,0,0,0
628,21079,6200,1,6200,0,0,599,0,0,0,0
629,21078,6200,1,6200,0,0,1,0,0,0,0
630,21077,93000,1,93000,0,0,24,0,0,0,0
631,21076,21499,1,21499,0,0,599,0,0,0,0
632,21075,25000,1,25000,0,0,599,0,0,0,0
633,21074,25000,1,25000,0,0,599,0,0,0,0
634,21073,110000,1,110000,0,2,5,0,0,0,0
635,21072,93000,1,93000,0,0,599,0,0,0,0
636,21071,17500,1,17500,0,0,14,0,0,0,0
637,21070,25000,1,25000,0,0,3,0,0,0,0
638,21069,93000,1,93000,0,0,2,0,0,0,0
639,21068,93000,1,93000,0,0,2,0,0,0,0
640,21067,195000,1,195000,0,2,599,0,0,0,0
641,21066,17500,1,17500,0,0,14,0,0,0,0
642,21065,93000,1,93000,0,0,24,0,0,0,0
643,21064,6200,1,6200,0,0,2,0,0,0,0
644,21060,21499,1,21499,0,2,1,0,0,0,0
645,21057,41500,1,41500,0,2,1,0,0,0,0
646,21056,160000,1,160000,0,0,9,0,0,0,0
647,21045,456000,3,152000,304000,0,1,0,0,0,0
648,21055,9750,1,9750,0,0,1,0,0,0,0
649,21054,6200,1,6200,0,0,2,0,0,0,0
650,21053,93000,1,93000,0,0,599,0,0,0,0
651,21052,17500,1,17500,0,0,599,0,0,0,0
652,21050,37000,1,37000,0,0,1,0,0,0,0
653,21049,53999,1,53999,0,0,4,0,0,0,0
654,21048,120000,1,120000,0,0,599,0,0,0,0
655,21030,93000,6,15500,77500,0,599,0,0,0,0
656,21047,499,1,499,0,0,599,0,0,0,0
657,21046,25500,1,25500,0,0,5,0,0,0,0
658,21044,22500,1,22500,0,0,53,0,0,0,0
659,21043,21499,1,21499,0,0,3,0,0,0,0
660,21038,49500,1,49500,0,0,2,0,0,0,0
661,21037,49500,1,49500,0,0,2,0,0,0,0
662,21033,21000,1,21000,0,0,4,0,0,0,0
663,21032,6200,1,6200,0,0,4,0,0,0,0
664,21031,15500,1,15500,0,0,599,0,0,0,0
665,21029,18500,1,18500,0,1,3,0,0,0,0
666,21028,23999,1,23999,0,0,1,0,0,0,0
667,21027,49500,1,49500,0,0,5,0,0,0,0
668,21025,21499,1,21499,0,0,11,0,0,0,0
669,21024,21499,1,21499,0,0,14,0,0,0,0
670,21023,21499,1,21499,0,0,599,0,0,0,0
671,21022,288000,1,195000,93000,2,45,0,0,0,0
672,21022,288000,1,93000,195000,2,45,0,0,0,0
673,21012,521000,3,123000,398000,2,45,0,0,0,0
674,21021,21499,1,21499,0,0,53,0,0,0,0
675,21020,21499,1,21499,0,0,53,0,0,0,0
676,21019,195000,1,195000,0,0,599,0,0,0,0
677,21018,25500,1,25500,0,2,3,0,0,0,0
678,21017,93000,1,93000,0,0,7,0,0,0,0
679,21016,6200,1,6200,0,0,599,0,0,0,0
680,21015,499,1,499,0,0,1,0,0,0,0
681,21014,21499,1,21499,0,0,599,0,0,0,0
682,21013,21499,1,21499,0,0,599,0,0,0,0
683,21012,521000,1,152000,369000,2,45,0,0,0,0
684,21011,24000,1,24000,0,0,599,0,0,0,0
685,21001,6200,1,6200,0,0,5,0,0,0,0
686,21000,93000,1,93000,0,0,599,0,0,0,0
687,20998,17500,1,17500,0,0,1,0,0,0,0
688,20997,21499,1,21499,0,0,1,0,0,0,0
689,20995,144000,2,72000,72000,0,599,0,0,0,0
690,20994,21499,1,21499,0,0,599,0,0,0,0
691,20993,42998,2,21499,21499,0,2,0,0,0,0
692,20992,21499,1,21499,0,0,599,0,0,0,0
693,20991,3000,1,3000,0,0,1,0,0,0,0
694,20990,6200,1,6200,0,0,599,0,0,0,0
695,20989,21499,1,21499,0,0,1,0,0,0,0
696,20988,18500,1,18500,0,0,599,0,0,0,0
697,20987,21499,1,21499,0,1,1,0,0,0,0
698,20986,49500,1,49500,0,1,599,0,0,0,0
699,20985,21499,1,21499,0,1,599,0,0,0,0
700,20984,25000,1,25000,0,1,12,0,0,0,0
701,20983,93000,1,93000,0,1,599,0,0,0,0
702,20982,32500,1,32500,0,0,1,0,0,0,0
703,20981,42998,2,21499,21499,1,1,0,0,0,0
704,20980,17500,1,17500,0,1,599,0,0,0,0
705,20979,25000,1,25000,0,2,2,0,0,0,0
706,20978,64999,1,64999,0,2,2,0,0,0,0
707,20975,6200,1,6200,0,1,11,0,0,0,0
708,20974,18500,1,18500,0,0,89,0,0,0,0
709,20973,21499,1,21499,0,0,10,0,0,0,0
710,20972,25000,1,25000,0,1,10,0,0,0,0
711,20273,25000,1,25000,0,1,10,0,0,0,0
712,20364,25000,1,25000,0,1,10,0,0,0,0
713,20455,25000,1,25000,0,1,10,0,0,0,0
714,20971,147000,1,147000,0,0,599,0,0,0,0
715,20274,147000,1,147000,0,0,599,0,0,0,0
716,20365,147000,1,147000,0,0,599,0,0,0,0
717,20456,147000,1,147000,0,0,599,0,0,0,0
718,20970,25000,1,25000,0,0,10,0,0,0,0
719,20275,25000,1,25000,0,0,10,0,0,0,0
720,20366,25000,1,25000,0,0,10,0,0,0,0
721,20457,25000,1,25000,0,0,10,0,0,0,0
722,20969,15500,1,15500,0,0,599,0,0,0,0
723,20276,15500,1,15500,0,0,599,0,0,0,0
724,20367,15500,1,15500,0,0,599,0,0,0,0
725,20458,15500,1,15500,0,0,599,0,0,0,0
726,20968,18500,1,18500,0,1,599,0,0,0,0
727,20277,18500,1,18500,0,1,599,0,0,0,0
728,20368,18500,1,18500,0,1,599,0,0,0,0
729,20459,18500,1,18500,0,1,599,0,0,0,0
730,20967,16499,1,16499,0,0,5,0,0,0,0
731,20278,16499,1,16499,0,0,5,0,0,0,0
732,20369,16499,1,16499,0,0,5,0,0,0,0
733,20460,16499,1,16499,0,0,5,0,0,0,0
734,20966,25000,1,25000,0,2,599,0,0,0,0
735,20279,25000,1,25000,0,2,599,0,0,0,0
736,20370,25000,1,25000,0,2,599,0,0,0,0
737,20461,25000,1,25000,0,2,599,0,0,0,0
738,20965,25000,1,25000,0,0,6,0,0,0,0
739,20280,25000,1,25000,0,0,6,0,0,0,0
740,20371,25000,1,25000,0,0,6,0,0,0,0
741,20462,25000,1,25000,0,0,6,0,0,0,0
742,20964,19999,1,19999,0,0,10,0,0,0,0
743,20281,19999,1,19999,0,0,10,0,0,0,0
744,20372,19999,1,19999,0,0,10,0,0,0,0
745,20463,19999,1,19999,0,0,10,0,0,0,0
746,20963,9750,1,9750,0,1,599,0,0,0,0
747,20282,9750,1,9750,0,1,599,0,0,0,0
748,20373,9750,1,9750,0,1,599,0,0,0,0
749,20464,9750,1,9750,0,1,599,0,0,0,0
750,20962,25000,1,25000,0,1,599,0,0,0,0
751,20283,25000,1,25000,0,1,599,0,0,0,0
752,20374,25000,1,25000,0,1,599,0,0,0,0
753,20465,25000,1,25000,0,1,599,0,0,0,0
754,20959,21499,1,21499,0,1,599,0,0,0,0
755,20284,21499,1,21499,0,1,599,0,0,0,0
756,20375,21499,1,21499,0,1,599,0,0,0,0
757,20466,21499,1,21499,0,1,599,0,0,0,0
758,20958,38499,1,18500,19999,1,599,0,0,0,0
759,20958,38499,1,19999,18500,1,599,0,0,0,0
760,20285,38499,1,18500,19999,1,599,0,0,0,0
761,20286,38499,1,19999,18500,1,599,0,0,0,0
762,20376,38499,1,18500,19999,1,599,0,0,0,0
763,20377,38499,1,19999,18500,1,599,0,0,0,0
764,20467,38499,1,18500,19999,1,599,0,0,0,0
765,20468,38499,1,19999,18500,1,599,0,0,0,0
766,20957,21499,1,21499,0,2,89,0,0,0,0
767,20287,21499,1,21499,0,2,89,0,0,0,0
768,20378,21499,1,21499,0,2,89,0,0,0,0
769,20469,21499,1,21499,0,2,89,0,0,0,0
770,20956,21499,1,21499,0,0,9,0,0,0,0
771,20288,21499,1,21499,0,0,9,0,0,0,0
772,20379,21499,1,21499,0,0,9,0,0,0,0
773,20470,21499,1,21499,0,0,9,0,0,0,0
774,20955,37000,1,37000,0,1,599,0,0,0,0
775,20289,37000,1,37000,0,1,599,0,0,0,0
776,20380,37000,1,37000,0,1,599,0,0,0,0
777,20471,37000,1,37000,0,1,599,0,0,0,0
778,20954,37000,2,18500,18500,0,599,0,0,0,0
779,20290,37000,2,18500,18500,0,599,0,0,0,0
780,20381,37000,2,18500,18500,0,599,0,0,0,0
781,20472,37000,2,18500,18500,0,599,0,0,0,0
782,20953,6200,1,6200,0,1,6,0,0,0,0
783,20291,6200,1,6200,0,1,6,0,0,0,0
784,20382,6200,1,6200,0,1,6,0,0,0,0
785,20473,6200,1,6200,0,1,6,0,0,0,0
786,20952,21499,1,21499,0,0,5,0,0,0,0
787,20292,21499,1,21499,0,0,5,0,0,0,0
788,20383,21499,1,21499,0,0,5,0,0,0,0
789,20474,21499,1,21499,0,0,5,0,0,0,0
790,20951,21499,1,21499,0,0,5,0,0,0,0
791,20293,21499,1,21499,0,0,5,0,0,0,0
792,20384,21499,1,21499,0,0,5,0,0,0,0
793,20475,21499,1,21499,0,0,5,0,0,0,0
794,20950,32500,1,32500,0,1,599,0,0,0,0
795,20294,32500,1,32500,0,1,599,0,0,0,0
796,20385,32500,1,32500,0,1,599,0,0,0,0
797,20476,32500,1,32500,0,1,599,0,0,0,0
798,20949,25000,1,25000,0,1,45,0,0,0,0
799,20295,25000,1,25000,0,1,45,0,0,0,0
800,20386,25000,1,25000,0,1,45,0,0,0,0
801,20477,25000,1,25000,0,1,45,0,0,0,0
802,20947,49500,1,49500,0,1,599,0,0,0,0
803,20296,49500,1,49500,0,1,599,0,0,0,0
804,20387,49500,1,49500,0,1,599,0,0,0,0
805,20478,49500,1,49500,0,1,599,0,0,0,0
806,20946,21499,1,21499,0,0,5,0,0,0,0
807,20297,21499,1,21499,0,0,5,0,0,0,0
808,20388,21499,1,21499,0,0,5,0,0,0,0
809,20479,21499,1,21499,0,0,5,0,0,0,0
810,20937,22500,1,22500,0,1,7,0,0,0,0
811,20298,22500,1,22500,0,1,7,0,0,0,0
812,20389,22500,1,22500,0,1,7,0,0,0,0
813,20480,22500,1,22500,0,1,7,0,0,0,0
814,20929,25000,1,25000,0,1,53,0,0,0,0
815,20299,25000,1,25000,0,1,53,0,0,0,0
816,20390,25000,1,25000,0,1,53,0,0,0,0
817,20481,25000,1,25000,0,1,53,0,0,0,0
818,20928,25000,1,25000,0,0,53,0,0,0,0
819,20300,25000,1,25000,0,0,53,0,0,0,0
820,20391,25000,1,25000,0,0,53,0,0,0,0
821,20482,25000,1,25000,0,0,53,0,0,0,0
822,20927,32500,1,32500,0,0,5,0,0,0,0
823,20301,32500,1,32500,0,0,5,0,0,0,0
824,20392,32500,1,32500,0,0,5,0,0,0,0
825,20483,32500,1,32500,0,0,5,0,0,0,0
826,20926,32500,1,32500,0,2,10,0,0,0,0
827,20302,32500,1,32500,0,2,10,0,0,0,0
828,20393,32500,1,32500,0,2,10,0,0,0,0
829,20484,32500,1,32500,0,2,10,0,0,0,0
830,20925,49500,1,49500,0,0,599,0,0,0,0
831,20303,49500,1,49500,0,0,599,0,0,0,0
832,20394,49500,1,49500,0,0,599,0,0,0,0
833,20485,49500,1,49500,0,0,599,0,0,0,0
834,20924,17500,1,17500,0,0,6,0,0,0,0
835,20304,17500,1,17500,0,0,6,0,0,0,0
836,20395,17500,1,17500,0,0,6,0,0,0,0
837,20486,17500,1,17500,0,0,6,0,0,0,0
838,20923,49500,1,49500,0,0,21,0,0,0,0
839,20305,49500,1,49500,0,0,21,0,0,0,0
840,20396,49500,1,49500,0,0,21,0,0,0,0
841,20487,49500,1,49500,0,0,21,0,0,0,0
842,20922,6200,1,6200,0,0,9,0,0,0,0
843,20306,6200,1,6200,0,0,9,0,0,0,0
844,20397,6200,1,6200,0,0,9,0,0,0,0
845,20488,6200,1,6200,0,0,9,0,0,0,0
846,20921,49500,1,49500,0,1,599,0,0,0,0
847,20307,49500,1,49500,0,1,599,0,0,0,0
848,20398,49500,1,49500,0,1,599,0,0,0,0
849,20489,49500,1,49500,0,1,599,0,0,0,0
850,20920,25000,1,25000,0,1,599,0,0,0,0
851,20308,25000,1,25000,0,1,599,0,0,0,0
852,20399,25000,1,25000,0,1,599,0,0,0,0
853,20490,25000,1,25000,0,1,599,0,0,0,0
854,20918,49500,1,49500,0,0,14,0,0,0,0
855,20309,49500,1,49500,0,0,14,0,0,0,0
856,20400,49500,1,49500,0,0,14,0,0,0,0
857,20491,49500,1,49500,0,0,14,0,0,0,0
858,20913,17500,1,17500,0,0,45,0,0,0,0
859,20310,17500,1,17500,0,0,45,0,0,0,0
860,20401,17500,1,17500,0,0,45,0,0,0,0
861,20492,17500,1,17500,0,0,45,0,0,0,0
862,20912,25000,1,25000,0,1,599,0,0,0,0
863,20311,25000,1,25000,0,1,599,0,0,0,0
864,20402,25000,1,25000,0,1,599,0,0,0,0
865,20493,25000,1,25000,0,1,599,0,0,0,0
866,20908,25000,1,25000,0,0,599,0,0,0,0
867,20312,25000,1,25000,0,0,599,0,0,0,0
868,20403,25000,1,25000,0,0,599,0,0,0,0
869,20494,25000,1,25000,0,0,599,0,0,0,0
870,20906,25000,1,25000,0,1,5,0,0,0,0
871,20313,25000,1,25000,0,1,5,0,0,0,0
872,20404,25000,1,25000,0,1,5,0,0,0,0
873,20495,25000,1,25000,0,1,5,0,0,0,0
874,20905,25000,1,25000,0,1,9,0,0,0,0
875,20314,25000,1,25000,0,1,9,0,0,0,0
876,20405,25000,1,25000,0,1,9,0,0,0,0
877,20496,25000,1,25000,0,1,9,0,0,0,0
878,20904,32500,1,32500,0,0,7,0,0,0,0
879,20315,32500,1,32500,0,0,7,0,0,0,0
880,20406,32500,1,32500,0,0,7,0,0,0,0
881,20497,32500,1,32500,0,0,7,0,0,0,0
882,20903,25000,1,25000,0,1,599,0,0,0,0
883,20316,25000,1,25000,0,1,599,0,0,0,0
884,20407,25000,1,25000,0,1,599,0,0,0,0
885,20498,25000,1,25000,0,1,599,0,0,0,0
886,20507,1220,1,1220,0,0,599,0,0,0,0
887,20902,21499,1,21499,0,0,18,0,0,0,0
888,20317,21499,1,21499,0,0,18,0,0,0,0
889,20408,21499,1,21499,0,0,18,0,0,0,0
890,20499,21499,1,21499,0,0,18,0,0,0,0
891,20901,21499,1,21499,0,1,18,0,0,0,0
892,20318,21499,1,21499,0,1,18,0,0,0,0
893,20409,21499,1,21499,0,1,18,0,0,0,0
894,20500,21499,1,21499,0,1,18,0,0,0,0
895,20900,120000,1,120000,0,1,599,0,0,0,0
896,20319,120000,1,120000,0,1,599,0,0,0,0
897,20410,120000,1,120000,0,1,599,0,0,0,0
898,20501,120000,1,120000,0,1,599,0,0,0,0
899,20899,50000,2,25000,25000,1,89,0,0,0,0
900,20320,50000,2,25000,25000,1,89,0,0,0,0
901,20411,50000,2,25000,25000,1,89,0,0,0,0
902,20502,50000,2,25000,25000,1,89,0,0,0,0
903,20898,160000,1,160000,0,1,89,0,0,0,0
904,20321,160000,1,160000,0,1,89,0,0,0,0
905,20412,160000,1,160000,0,1,89,0,0,0,0
906,20503,160000,1,160000,0,1,89,0,0,0,0
907,20887,26000,1,26000,0,1,89,0,0,0,0
908,20322,26000,1,26000,0,1,89,0,0,0,0
909,20413,26000,1,26000,0,1,89,0,0,0,0
910,20504,26000,1,26000,0,1,89,0,0,0,0
911,20886,52000,1,52000,0,0,5,0,0,0,0
912,20323,52000,1,52000,0,0,5,0,0,0,0
913,20414,52000,1,52000,0,0,5,0,0,0,0
914,20505,52000,1,52000,0,0,5,0,0,0,0
915,20885,23999,1,23999,0,0,599,0,0,0,0
916,20324,23999,1,23999,0,0,599,0,0,0,0
917,20415,23999,1,23999,0,0,599,0,0,0,0
918,20884,21500,1,21500,0,0,89,0,0,0,0
919,20325,21500,1,21500,0,0,89,0,0,0,0
920,20416,21500,1,21500,0,0,89,0,0,0,0
921,20877,21500,1,21500,0,0,3,0,0,0,0
922,20326,21500,1,21500,0,0,3,0,0,0,0
923,20417,21500,1,21500,0,0,3,0,0,0,0
924,20876,499,1,499,0,2,6,0,0,0,0
925,20327,499,1,499,0,2,6,0,0,0,0
926,20418,499,1,499,0,2,6,0,0,0,0
927,20506,7244,1,7244,0,1,599,0,0,0,0
928,20875,25000,1,25000,0,1,3,0,0,0,0
929,20328,25000,1,25000,0,1,3,0,0,0,0
930,20419,25000,1,25000,0,1,3,0,0,0,0
931,20874,21000,1,21000,0,0,3,0,0,0,0
932,20329,21000,1,21000,0,0,3,0,0,0,0
933,20420,21000,1,21000,0,0,3,0,0,0,0
934,20872,32500,1,32500,0,0,10,0,0,0,0
935,20330,32500,1,32500,0,0,10,0,0,0,0
936,20421,32500,1,32500,0,0,10,0,0,0,0
937,20871,32500,1,32500,0,2,10,0,0,0,0
938,20331,32500,1,32500,0,2,10,0,0,0,0
939,20422,32500,1,32500,0,2,10,0,0,0,0
940,20870,32500,1,32500,0,0,4,0,0,0,0
941,20332,32500,1,32500,0,0,4,0,0,0,0
942,20423,32500,1,32500,0,0,4,0,0,0,0
943,20869,21500,1,21500,0,1,3,0,0,0,0
944,20333,21500,1,21500,0,1,3,0,0,0,0
945,20424,21500,1,21500,0,1,3,0,0,0,0
946,20866,25000,1,25000,0,0,89,0,0,0,0
947,20334,25000,1,25000,0,0,89,0,0,0,0
948,20425,25000,1,25000,0,0,89,0,0,0,0
949,20865,9750,1,9750,0,0,599,0,0,0,0
950,20335,9750,1,9750,0,0,599,0,0,0,0
951,20426,9750,1,9750,0,0,599,0,0,0,0
952,20864,21500,1,21500,0,0,45,0,0,0,0
953,20336,21500,1,21500,0,0,45,0,0,0,0
954,20427,21500,1,21500,0,0,45,0,0,0,0
955,20863,49500,1,49500,0,1,599,0,0,0,0
956,20337,49500,1,49500,0,1,599,0,0,0,0
957,20428,49500,1,49500,0,1,599,0,0,0,0
958,20862,120000,1,120000,0,0,3,0,0,0,0
959,20338,120000,1,120000,0,0,3,0,0,0,0
960,20429,120000,1,120000,0,0,3,0,0,0,0
961,20861,315000,1,195000,120000,2,8,0,0,0,0
962,20861,315000,1,120000,195000,2,8,0,0,0,0
963,20339,315000,1,195000,120000,2,8,0,0,0,0
964,20340,315000,1,120000,195000,2,8,0,0,0,0
965,20430,315000,1,195000,120000,2,8,0,0,0,0
966,20431,315000,1,120000,195000,2,8,0,0,0,0
967,20860,17500,1,17500,0,0,3,0,0,0,0
968,20341,17500,1,17500,0,0,3,0,0,0,0
969,20432,17500,1,17500,0,0,3,0,0,0,0
970,20855,32500,1,32500,0,0,3,0,0,0,0
971,20342,32500,1,32500,0,0,3,0,0,0,0
972,20433,32500,1,32500,0,0,3,0,0,0,0
973,20854,37000,1,37000,0,0,599,0,0,0,0
974,20343,37000,1,37000,0,0,599,0,0,0,0
975,20434,37000,1,37000,0,0,599,0,0,0,0
976,20852,25000,1,25000,0,1,599,0,0,0,0
977,20344,25000,1,25000,0,1,599,0,0,0,0
978,20435,25000,1,25000,0,1,599,0,0,0,0
979,20851,15500,1,15500,0,1,3,0,0,0,0
980,20345,15500,1,15500,0,1,3,0,0,0,0
981,20436,15500,1,15500,0,1,3,0,0,0,0
982,20850,15500,1,15500,0,1,6,0,0,0,0
983,20346,15500,1,15500,0,1,6,0,0,0,0
984,20437,15500,1,15500,0,1,6,0,0,0,0
985,20849,19500,1,19500,0,1,599,0,0,0,0
986,20347,19500,1,19500,0,1,599,0,0,0,0
987,20438,19500,1,19500,0,1,599,0,0,0,0
988,20834,15500,1,15500,0,1,3,0,0,0,0
989,20348,15500,1,15500,0,1,3,0,0,0,0
990,20439,15500,1,15500,0,1,3,0,0,0,0
991,20833,32500,1,32500,0,1,3,0,0,0,0
992,20349,32500,1,32500,0,1,3,0,0,0,0
993,20440,32500,1,32500,0,1,3,0,0,0,0
994,20832,74500,1,25000,49500,1,599,0,0,0,0
995,20832,74500,1,49500,25000,1,599,0,0,0,0
996,20350,74500,1,25000,49500,1,599,0,0,0,0
997,20351,74500,1,49500,25000,1,599,0,0,0,0
998,20441,74500,1,25000,49500,1,599,0,0,0,0
999,20442,74500,1,49500,25000,1,599,0,0,0,0
1000,20831,25000,1,25000,0,0,599,0,0,0,0
1001,20352,25000,1,25000,0,0,599,0,0,0,0
1002,20443,25000,1,25000,0,0,599,0,0,0,0
1003,20827,17500,1,17500,0,1,599,0,0,0,0
1004,20353,17500,1,17500,0,1,599,0,0,0,0
1005,20444,17500,1,17500,0,1,599,0,0,0,0
1006,20826,1220,1,1220,0,0,3,0,0,0,0
1007,20354,1220,1,1220,0,0,3,0,0,0,0
1008,20445,1220,1,1220,0,0,3,0,0,0,0
1009,20818,18999,1,18999,0,0,24,0,0,0,0
1010,20355,18999,1,18999,0,0,24,0,0,0,0
1011,20446,18999,1,18999,0,0,24,0,0,0,0
1012,20817,22500,1,22500,0,1,599,0,0,0,0
1013,20356,22500,1,22500,0,1,599,0,0,0,0
1014,20447,22500,1,22500,0,1,599,0,0,0,0
1015,20814,18999,1,18999,0,0,53,0,0,0,0
1016,20357,18999,1,18999,0,0,53,0,0,0,0
1017,20448,18999,1,18999,0,0,53,0,0,0,0
1018,20811,49500,1,49500,0,1,599,0,0,0,0
1019,20358,49500,1,49500,0,1,599,0,0,0,0
1020,20449,49500,1,49500,0,1,599,0,0,0,0
1021,20809,21000,1,21000,0,1,599,0,0,0,0
1022,20359,21000,1,21000,0,1,599,0,0,0,0
1023,20450,21000,1,21000,0,1,599,0,0,0,0
1024,20791,123000,1,123000,0,0,599,0,0,0,0
1025,20360,123000,1,123000,0,0,599,0,0,0,0
1026,20451,123000,1,123000,0,0,599,0,0,0,0
1027,20790,18999,1,18999,0,0,599,0,0,0,0
1028,20361,18999,1,18999,0,0,599,0,0,0,0
1029,20452,18999,1,18999,0,0,599,0,0,0,0
1030,20789,72000,1,72000,0,1,4,0,0,0,0
1031,20362,72000,1,72000,0,1,4,0,0,0,0
1032,20453,72000,1,72000,0,1,4,0,0,0,0
1033,20788,499,1,499,0,0,4,0,0,0,0
1034,20363,499,1,499,0,0,4,0,0,0,0
1035,20454,499,1,499,0,0,4,0,0,0,0
1036,20783,17500,1,17500,0,0,1,0,0,0,0
1037,20764,120000,1,120000,0,0,599,0,0,0,0
1038,20763,170000,1,170000,0,2,89,0,0,0,0
1039,20762,2849,1,2849,0,0,14,0,0,0,0
1040,20718,49500,1,49500,0,1,599,0,0,0,0
1041,20697,2849,1,2849,0,0,3,0,0,0,0
1042,20644,18000,1,18000,0,0,599,0,0,0,0
1043,20643,25000,1,25000,0,1,599,0,0,0,0
1044,20642,25500,1,25500,0,1,3,0,0,0,0
1045,20612,10000,1,10000,0,0,53,0,0,0,0
1046,20599,10000,1,10000,0,0,599,0,0,0,0
1047,20598,15999,1,15999,0,0,599,0,0,0,0
1048,20597,5,1,5,0,1,3,0,0,0,0
1049,20596,5,1,5,0,0,2,0,0,0,0
1050,20594,195000,1,195000,0,0,2,0,0,0,0
1051,20588,25000,1,25000,0,1,599,0,0,0,0
1052,20587,25300,1,15300,10000,0,599,0,0,0,0
1053,20587,25300,1,10000,15300,0,599,0,0,0,0
1054,20586,32500,1,32500,0,0,14,0,0,0,0
1055,20584,8700,1,8700,0,0,18,0,0,0,0
1056,20583,125000,1,125000,0,0,2,0,0,0,0
1057,20582,8700,1,8700,0,0,2,0,0,0,0
1058,20581,27500,1,27500,0,0,1,0,0,0,0
1059,20580,15300,1,15300,0,0,599,0,0,0,0
1060,20579,8700,1,8700,0,0,599,0,0,0,0
1061,20578,27500,1,27500,0,0,1,0,0,0,0
1062,20577,15300,1,15300,0,0,599,0,0,0,0
1063,20536,32500,1,32500,0,1,3,0,0,0,0
1064,20531,27500,1,27500,0,0,599,0,0,0,0
1065,20516,18999,1,18999,0,0,3,0,0,0,0
1066,20473,32500,1,32500,0,1,1,0,0,0,0
1067,20472,112000,1,112000,0,0,1,0,0,0,0
1068,20423,14200,1,14200,0,0,1,0,0,0,0
1069,20422,9900,1,9900,0,1,6,0,0,0,0
1070,20391,20300,1,20300,0,0,45,0,0,0,0
1071,20390,112000,1,112000,0,0,1,0,0,0,0
1072,20272,25000,1,25000,0,1,599,0,0,0,0
1073,20513,24000,1,24000,0,0,18,0,0,0,0
1074,20514,5700,1,5700,0,0,4,0,0,0,0
1075,20515,93000,1,93000,0,0,14,0,0,0,0
1076,20516,20000,1,20000,0,0,599,0,0,0,0
1077,20512,17000,1,17000,0,1,2,0,0,0,0
1078,20511,17000,1,17000,0,1,18,0,0,0,0
1079,20510,20000,1,20000,0,1,599,0,0,0,0
1080,20509,145000,1,145000,0,0,2,0,0,0,0
1081,20508,8600,2,4300,4300,0,2,0,0,0,0
1082,20517,157000,1,157000,0,0,2,0,0,0,0
1083,20518,31200,1,18200,13000,0,4,0,0,0,0
1084,20519,31200,1,13000,18200,0,4,0,0,0,0
1085,20520,20000,1,20000,0,1,89,0,0,0,0
1086,20521,2849,1,2849,0,0,599,0,0,0,0
1087,20522,13000,1,13000,0,1,599,0,0,0,0
1088,20523,499,1,499,0,0,2,0,0,0,0
1089,20524,22000,1,22000,0,0,599,0,0,0,0
1090,20525,186000,1,186000,0,0,45,0,0,0,0
1091,20526,23500,1,23500,0,1,89,0,0,0,0
1092,20527,20000,1,20000,0,0,89,0,0,0,0
1093,20528,22000,1,22000,0,0,2,0,0,0,0
1094,20529,145000,1,145000,0,1,53,0,0,0,0
1095,20530,20000,1,20000,0,1,4,0,0,0,0
1096,20531,28999,1,28999,0,1,599,0,0,0,0
1097,20532,21200,1,21200,0,1,599,0,0,0,0
1098,20533,22000,1,22000,0,0,599,0,0,0,0
1099,20534,13000,1,13000,0,1,89,0,0,0,0
1100,20535,22000,9,22000,0,0,21,0,0,0,0
1101,20536,22000,9,22000,0,0,2,0,0,0,0
1102,20537,121000,9,121000,0,0,599,0,0,0,0
1103,20538,145000,9,145000,0,0,599,0,0,0,0
1104,20543,53000,9,53000,0,0,599,0,0,0,0
1105,20542,320000,9,160000,160000,2,599,0,0,0,0
1106,20541,53000,9,53000,0,0,599,0,0,0,0
1107,20551,94000,4,23500,70500,0,2,0,0,0,0
1108,20540,22000,9,22000,0,0,599,0,0,0,0
1109,20539,163000,9,163000,0,2,599,0,0,0,0
1110,20544,53000,9,53000,0,2,2,0,0,0,0
1111,20545,53000,9,53000,0,0,599,0,0,0,0
1112,20546,23500,9,23500,0,0,599,0,0,0,0
1113,20547,160000,9,160000,0,1,599,0,0,0,0
1114,20548,22000,9,22000,0,0,599,0,0,0,0
1115,20549,30500,9,30500,0,0,53,0,0,0,0
1116,20550,15600,9,15600,0,0,599,0,0,0,0
1117,20552,22000,1,22000,0,1,89,0,0,0,0
1118,20553,342000,2,171000,171000,0,2,0,0,0,0
1119,20554,24000,1,24000,0,0,599,0,0,0,0
1120,20555,2000,1,2000,0,0,2,0,0,0,0
1121,20556,26500,1,26500,0,2,599,0,0,0,0
1122,20557,13000,1,13000,0,2,599,0,0,0,0
1123,20558,63800,1,63800,0,1,599,0,0,0,0
1124,20559,13000,1,13000,0,0,2,0,0,0,0
1125,20560,13000,1,13000,0,2,599,0,0,0,0
1126,20561,15600,1,15600,0,0,3,0,0,0,0
1127,20562,25335,1,25335,0,1,599,0,0,0,0
1128,20563,7000,1,7000,0,0,3,0,0,0,0
1129,20564,12900,1,12900,0,0,599,0,0,0,0
1130,20565,37000,1,37000,0,2,599,0,0,0,0
1131,20566,27400,1,27400,0,1,89,0,0,0,0
1132,20567,15500,1,15500,0,0,599,0,0,0,0
1133,20568,30500,1,30500,0,1,599,0,0,0,0
1134,20569,37000,11,37000,0,1,599,0,0,0,0
1135,20574,171000,11,171000,0,0,2,0,0,0,0
1136,20573,171000,11,171000,0,1,599,0,0,0,0
1137,20572,12900,11,12900,0,0,10,0,0,0,0
1138,20571,163000,11,163000,0,2,89,0,0,0,0
1139,20570,27400,11,27400,0,0,599,0,0,0,0
1140,20575,12900,11,12900,0,0,2,0,0,0,0
1141,20576,37000,11,37000,0,0,599,0,0,0,0
1142,20577,37000,11,37000,0,0,599,0,0,0,0
1143,20578,47000,11,47000,0,1,599,0,0,0,0
1144,20579,47000,11,47000,0,0,599,0,0,0,0
1145,20580,12900,1,12900,0,0,45,0,0,0,0
1146,20581,133000,1,133000,0,0,7,0,0,0,0
1147,20582,163000,1,163000,0,0,7,0,0,0,0
1148,20583,21200,1,21200,0,0,4,0,0,0,0
1149,20584,33600,1,33600,0,0,10,0,0,0,0
1150,20585,27400,1,27400,0,0,8,0,0,0,0
1151,20586,1349,1,1349,0,1,599,0,0,0,0
1152,20587,33800,1,33800,0,1,599,0,0,0,0
1153,20588,21970,1,21970,0,0,599,0,0,0,0
1154,20589,15500,1,15500,0,0,3,0,0,0,0
1155,20590,90520,1,90520,0,0,599,0,0,0,0
1156,20591,12900,1,12900,0,0,599,0,0,0,0
1157,20592,27400,1,27400,0,1,89,0,0,0,0
1158,20593,47000,1,47000,0,0,599,0,0,0,0
1159,20594,22500,1,22500,0,1,89,0,0,0,0
1160,20595,18200,1,18200,0,0,599,0,0,0,0
1161,20596,15500,1,15500,0,0,599,0,0,0,0
1162,20597,15900,1,15900,0,0,2,0,0,0,0
1163,20598,110360,1,110360,0,0,2,0,0,0,0
1164,20599,499,1,499,0,0,6,0,0,0,0
1165,20600,22500,1,22500,0,1,89,0,0,0,0
1166,20601,22500,1,22500,0,1,89,0,0,0,0
1167,20602,15999,1,15999,0,0,2,0,0,0,0
1168,20603,15900,1,15900,0,0,21,0,0,0,0
1169,20604,499,1,499,0,0,6,0,0,0,0
1170,20605,7240,1,7240,0,1,599,0,0,0,0
1171,20606,33800,1,33800,0,0,2,0,0,0,0
1172,20607,158000,1,158000,0,0,599,0,0,0,0
1173,20608,12900,1,12900,0,1,53,0,0,0,0
1174,20609,163000,1,163000,0,1,89,0,0,0,0
1175,20610,15900,1,15900,0,0,2,0,0,0,0
1176,20611,22500,1,22500,0,1,599,0,0,0,0
1177,20612,22500,1,22500,0,0,10,0,0,0,0
1178,20613,20500,1,20500,0,0,2,0,0,0,0
1179,20614,62000,1,62000,0,0,4,0,0,0,0
1180,20615,409200,1,409200,0,1,12,0,0,0,0
1181,20619,25000,1,25000,0,0,599,0,0,0,0
1182,20618,15500,1,15500,0,1,2,0,0,0,0
1183,20617,27400,1,27400,0,0,599,0,0,0,0
1184,20616,7000,1,7000,0,0,45,0,0,0,0
1185,20629,4300,1,4300,0,0,89,0,0,0,0
1186,20630,12800,1,12800,0,1,89,0,0,0,0
1187,20631,5700,1,5700,0,1,7,0,0,0,0
1188,20632,5700,1,5700,0,0,599,0,0,0,0
1189,20633,5700,1,5700,0,0,599,0,0,0,0
1190,20634,5700,1,5700,0,0,599,0,0,0,0
1191,20635,5700,1,5700,0,1,2,0,0,0,0
1192,20636,5700,1,5700,0,1,599,0,0,0,0
1193,20646,15500,1,15500,0,0,4,0,0,0,0
1194,20645,28000,1,28000,0,1,599,0,0,0,0
1195,20644,186000,1,186000,0,0,45,0,0,0,0
1196,20643,21499,1,21499,0,0,3,0,0,0,0
1197,20642,999,1,999,0,0,6,0,0,0,0
1198,20641,110000,2,55000,55000,0,2,0,0,0,0
1199,20640,21499,1,21499,0,1,2,0,0,0,0
1200,20639,21499,1,21499,0,0,2,0,0,0,0
1201,20638,186000,1,186000,0,0,599,0,0,0,0
1202,20637,1220,1,1220,0,0,2,0,0,0,0
1203,20647,20000,1,20000,0,0,21,0,0,0,0
1204,20648,28999,1,28999,0,0,599,0,0,0,0
1205,20649,21499,1,21499,0,0,6,0,0,0,0
1206,20650,1349,1,1349,0,1,599,0,0,0,0
1207,20651,62000,4,15500,46500,0,599,0,0,0,0
1208,20652,155000,1,155000,0,0,45,0,0,0,0
1209,20653,186000,1,186000,0,0,2,0,0,0,0
1210,20654,21499,1,21499,0,1,89,0,0,0,0
1211,20655,23500,1,23500,0,0,599,0,0,0,0
1212,20656,21499,1,21499,0,1,89,0,0,0,0
1213,20660,21499,1,21499,0,0,3,0,0,0,0
1214,20658,1723992,8,215499,1508493,0,3,0,0,0,0
1215,20659,15500,1,15500,0,1,599,0,0,0,0
1216,20657,215499,1,215499,0,0,89,0,0,0,0
1217,20661,21499,1,21499,0,0,45,0,0,0,0
1218,20662,21499,1,21499,0,0,11,0,0,0,0
1219,20663,372000,2,186000,186000,0,2,0,0,0,0
1220,20664,21499,1,21499,0,0,2,0,0,0,0
1221,20665,29500,1,29500,0,1,10,0,0,0,0
1222,20666,21499,1,21499,0,1,3,0,0,0,0
1223,20667,156000,1,156000,0,0,599,0,0,0,0
1224,20668,21499,1,21499,0,0,10,0,0,0,0
1225,20669,170000,1,170000,0,1,599,0,0,0,0
1226,20670,21499,1,21499,0,1,89,0,0,0,0
1227,20671,157000,1,157000,0,1,599,0,0,0,0
1228,20672,340000,2,170000,170000,0,599,0,0,0,0
1229,20673,21499,1,21499,0,1,599,0,0,0,0
1230,20674,15500,1,15500,0,0,2,0,0,0,0
1231,20675,170000,1,170000,0,1,599,0,0,0,0
1232,20676,21499,1,21499,0,1,2,0,0,0,0
1233,20677,21499,1,21499,0,1,2,0,0,0,0
1234,20678,21499,1,21499,0,0,599,0,0,0,0
1235,20679,21499,1,21499,0,0,53,0,0,0,0
1236,20686,5700,1,5700,0,0,2,0,0,0,0
1237,20685,21499,1,21499,0,1,599,0,0,0,0
1238,20684,51000,1,51000,0,0,4,0,0,0,0
1239,20683,21499,1,21499,0,1,53,0,0,0,0
1240,20682,21499,1,21499,0,1,3,0,0,0,0
1241,20681,5700,1,5700,0,0,599,0,0,0,0
1242,20680,51000,1,51000,0,0,2,0,0,0,0
1243,20687,51999,1,51999,0,1,2,0,0,0,0
1244,20688,7000,1,7000,0,1,4,0,0,0,0
1245,20689,21499,1,21499,0,1,599,0,0,0,0
1246,20690,133000,1,133000,0,2,599,0,0,0,0
1247,20691,29500,1,29500,0,0,4,0,0,0,0
1248,20692,80000,4,20000,60000,2,599,0,0,0,0
1249,20693,164000,1,133000,31000,2,599,0,0,0,0
1250,20694,164000,2,15500,148500,2,599,0,0,0,0
1251,20695,21499,1,21499,0,2,3,0,0,0,0
1252,20696,21499,1,21499,0,0,2,0,0,0,0
1253,20697,184000,1,133000,51000,2,599,0,0,0,0
1254,20698,184000,1,51000,133000,2,599,0,0,0,0
1255,20699,172000,1,172000,0,2,2,0,0,0,0
1256,20700,21499,1,21499,0,1,599,0,0,0,0
1257,20701,21499,1,21499,0,2,599,0,0,0,0
1258,20702,21499,1,21499,0,1,599,0,0,0,0
1259,20703,21499,1,21499,0,2,599,0,0,0,0
1260,20704,5700,1,5700,0,1,45,0,0,0,0
1261,20705,172000,1,172000,0,1,599,0,0,0,0
1262,20706,5700,1,5700,0,0,11,0,0,0,0
1263,20707,173500,1,158000,15500,2,24,0,0,0,0
1264,20708,173500,1,15500,158000,1,24,0,0,0,0
1265,20709,173500,1,158000,15500,0,24,0,0,0,0
1266,20710,173500,1,15500,158000,0,24,0,0,0,0
1267,20711,23500,1,23500,0,1,6,0,0,0,0
1268,20712,21499,1,21499,0,1,599,0,0,0,0
1269,20713,5700,1,5700,0,1,4,0,0,0,0
1270,20714,5700,1,5700,0,0,599,0,0,0,0
1271,20715,5700,1,5700,0,0,4,0,0,0,0
1272,20716,21499,1,21499,0,1,599,0,0,0,0
1273,20717,21499,7,21499,0,0,599,0,0,0,0
1274,20718,1599,7,1599,0,0,45,0,0,0,0
1275,20719,1799,7,1799,0,0,2,0,0,0,0
1276,20720,21499,7,21499,0,0,3,0,0,0,0
1277,20721,21499,7,21499,0,1,599,0,0,0,0
1278,20722,21499,7,21499,0,0,599,0,0,0,0
1279,20723,21499,7,21499,0,0,599,0,0,0,0
1280,20724,15500,7,15500,0,1,599,0,0,0,0
1281,20725,21499,7,21499,0,1,599,0,0,0,0
1282,20726,21499,7,21499,0,0,599,0,0,0,0
1283,20727,225000,7,225000,0,1,599,0,0,0,0
1284,20728,21499,7,21499,0,0,599,0,0,0,0
1285,20729,15500,7,15500,0,1,53,0,0,0,0
1286,20730,1220,7,1220,0,0,9,0,0,0,0
1287,20731,5700,7,5700,0,1,599,0,0,0,0
1288,20732,225000,1,225000,0,1,4,0,0,0,0
1289,20733,21499,1,21499,0,1,3,0,0,0,0
1290,20734,21499,1,21499,0,1,2,0,0,0,0
1291,20735,21499,1,21499,0,0,53,0,0,0,0
1292,20745,157000,5,157000,0,1,599,0,0,0,0
1293,20746,28000,5,28000,0,0,53,0,0,0,0
1294,20747,21499,5,21499,0,1,53,0,0,0,0
1295,20748,21499,5,21499,0,1,599,0,0,0,0
1296,20749,25999,5,25999,0,0,2,0,0,0,0
1297,20750,225000,5,225000,0,1,3,0,0,0,0
1298,20751,157000,5,157000,0,1,599,0,0,0,0
1299,20752,51000,5,51000,0,0,599,0,0,0,0
1300,20753,21499,5,21499,0,0,599,0,0,0,0
1301,20754,157000,5,157000,0,0,599,0,0,0,0
1302,20755,1349,5,1349,0,1,2,0,0,0,0
1303,20756,25000,5,25000,0,0,3,0,0,0,0
1304,20757,51000,5,51000,0,0,599,0,0,0,0
1305,20758,21499,5,21499,0,0,599,0,0,0,0
1306,20759,43000,5,43000,0,0,12,0,0,0,0
1307,20760,5700,1,5700,0,1,53,0,0,0,0
1308,20761,51000,1,51000,0,1,14,0,0,0,0
1309,20762,225000,1,225000,0,1,45,0,0,0,0
1310,20763,15500,1,15500,0,1,599,0,0,0,0
1311,20764,104000,1,104000,0,1,21,0,0,0,0
1312,20765,5700,1,5700,0,1,2,0,0,0,0
1313,20766,25500,1,25500,0,1,89,0,0,0,0
1314,20767,19000,1,19000,0,1,3,0,0,0,0
1315,20768,21499,1,21499,0,0,6,0,0,0,0
1316,20769,49500,1,49500,0,1,4,0,0,0,0
1317,20770,5700,1,5700,0,0,24,0,0,0,0
1318,20771,19000,1,19000,0,0,53,0,0,0,0
1319,20772,21499,1,21499,0,1,4,0,0,0,0
1320,20773,170000,1,170000,0,0,2,0,0,0,0
1321,20744,30500,5,30500,0,0,599,0,0,0,0
1322,20743,21499,5,21499,0,0,10,0,0,0,0
1323,20742,999,5,999,0,0,5,0,0,0,0
1324,20741,25000,1,25000,0,0,599,0,0,0,0
1325,20740,21499,1,21499,0,1,12,0,0,0,0
1326,20739,225000,1,225000,0,0,599,0,0,0,0
1327,20738,42998,2,21499,21499,1,24,0,0,0,0
1328,20737,158000,1,158000,0,1,24,0,0,0,0
1329,20736,21499,1,21499,0,1,89,0,0,0,0
1330,20781,30500,10,30500,0,1,599,0,0,0,0
1331,20782,21499,10,21499,0,1,599,0,0,0,0
1332,20783,21499,10,21499,0,1,2,0,0,0,0
1333,20784,21499,10,21499,0,1,599,0,0,0,0
1334,20785,21499,10,21499,0,1,599,0,0,0,0
1335,20780,29500,10,29500,0,0,2,0,0,0,0
1336,20779,17500,10,17500,0,0,599,0,0,0,0
1337,20778,37000,1,37000,0,0,599,0,0,0,0
1338,20777,21499,1,21499,0,1,599,0,0,0,0
1339,20776,26999,1,26999,0,0,21,0,0,0,0
1340,20775,21499,1,21499,0,1,9,0,0,0,0
1341,20774,21499,1,21499,0,0,599,0,0,0,0
1342,20786,32500,10,32500,0,0,9,0,0,0,0
1343,20787,170000,10,170000,0,1,599,0,0,0,0
1344,20788,170000,10,170000,0,1,599,0,0,0,0
1345,20789,133000,10,133000,0,0,45,0,0,0,0
1346,20790,21499,10,21499,0,0,599,0,0,0,0
1347,20791,27500,10,27500,0,0,18,0,0,0,0
1348,20792,27500,1,27500,0,0,599,0,0,0,0
1349,20793,26999,1,26999,0,0,21,0,0,0,0
1350,20794,21499,1,21499,0,0,9,0,0,0,0
1351,20795,344000,2,172000,172000,0,599,0,0,0,0
1352,20796,5700,1,5700,0,0,4,0,0,0,0
1353,20797,372000,2,186000,186000,0,599,0,0,0,0
1354,20798,5700,1,5700,0,1,599,0,0,0,0
1355,20799,21499,1,21499,0,1,3,0,0,0,0
1356,20800,67000,1,23500,43500,0,599,0,0,0,0
1357,20801,67000,1,43500,23500,0,599,0,0,0,0
1358,20809,26000,3,26000,0,0,2,0,0,0,0
1359,20808,120000,3,120000,0,0,3,0,0,0,0
1360,20807,28000,3,28000,0,1,599,0,0,0,0
1361,20806,111000,3,111000,0,1,2,0,0,0,0
1362,20805,22000,1,22000,0,0,12,0,0,0,0
1363,20804,21499,1,21499,0,1,12,0,0,0,0
1364,20803,5700,1,5700,0,1,4,0,0,0,0
1365,20802,5700,1,5700,0,0,4,0,0,0,0
1366,20810,2849,3,2849,0,0,2,0,0,0,0
1367,20811,26000,3,26000,0,0,599,0,0,0,0
1368,20812,21499,3,21499,0,1,2,0,0,0,0
1369,20813,20500,3,20500,0,1,89,0,0,0,0
1370,20814,6300,3,6300,0,1,599,0,0,0,0
1371,20815,1699,3,1699,0,1,599,0,0,0,0
1372,20816,72000,3,72000,0,1,4,0,0,0,0
1373,20817,499,3,499,0,0,4,0,0,0,0
1374,20818,25000,3,25000,0,1,10,0,0,0,0
1375,20819,147000,3,147000,0,0,599,0,0,0,0
1376,20820,25000,3,25000,0,0,10,0,0,0,0
1377,20821,15500,3,15500,0,0,599,0,0,0,0
1378,20822,18500,3,18500,0,1,599,0,0,0,0
1379,20823,16499,3,16499,0,0,5,0,0,0,0
1380,20824,25000,3,25000,0,1,599,0,0,0,0
1381,20825,25000,3,25000,0,0,6,0,0,0,0
1382,20826,19999,3,19999,0,0,10,0,0,0,0
1383,20827,9750,3,9750,0,1,599,0,0,0,0
1384,20828,25000,1,25000,0,1,599,0,0,0,0
1385,20829,21499,1,21499,0,1,599,0,0,0,0
1386,20836,6200,6,6200,0,1,6,0,0,0,0
1387,20837,21499,6,21499,0,0,5,0,0,0,0
1388,20838,21499,6,21499,0,0,5,0,0,0,0
1389,20839,32500,6,32500,0,1,599,0,0,0,0
1390,20840,25000,6,25000,0,1,45,0,0,0,0
1391,20835,37000,6,18500,18500,0,599,0,0,0,0
1392,20834,37000,1,37000,0,1,599,0,0,0,0
1393,20833,21499,1,21499,0,0,9,0,0,0,0
1394,20832,21499,1,21499,0,1,89,0,0,0,0
1395,20831,38499,1,19999,18500,1,599,0,0,0,0
1396,20830,38499,1,18500,19999,1,599,0,0,0,0
1397,20841,49500,6,49500,0,1,599,0,0,0,0
1398,20842,21499,6,21499,0,0,5,0,0,0,0
1399,20843,22500,6,22500,0,1,7,0,0,0,0
1400,20844,25000,6,25000,0,1,53,0,0,0,0
1401,20845,25000,1,25000,0,0,53,0,0,0,0
1402,20846,32500,1,32500,0,0,5,0,0,0,0
1403,20847,32500,1,32500,0,2,10,0,0,0,0
1404,20848,49500,1,49500,0,0,599,0,0,0,0
1405,20849,17500,1,17500,0,0,6,0,0,0,0
1406,20850,49500,1,49500,0,0,21,0,0,0,0
1407,20851,6200,1,6200,0,0,9,0,0,0,0
1408,20852,49500,1,49500,0,1,599,0,0,0,0
1409,20853,25000,1,25000,0,1,599,0,0,0,0
1410,20854,49500,1,49500,0,0,14,0,0,0,0
1411,20855,17500,1,17500,0,0,45,0,0,0,0
1412,20856,25000,1,25000,0,1,599,0,0,0,0
1413,20857,25000,9,25000,0,0,599,0,0,0,0
1414,20858,25000,9,25000,0,1,5,0,0,0,0
1415,20859,25000,9,25000,0,1,9,0,0,0,0
1416,20860,32500,9,32500,0,0,7,0,0,0,0
1417,20861,25000,9,25000,0,1,599,0,0,0,0
1418,20862,21499,9,21499,0,0,18,0,0,0,0
1419,20863,21499,9,21499,0,1,18,0,0,0,0
1420,20864,120000,9,120000,0,1,599,0,0,0,0
1421,20865,50000,9,25000,25000,1,89,0,0,0,0
1422,20866,160000,9,160000,0,1,89,0,0,0,0
1423,20867,26000,9,26000,0,1,89,0,0,0,0
1424,20868,52000,9,52000,0,0,5,0,0,0,0
